City_ID,City,Country,Date,Lat,Lng,Max Temp,Humidity,Cloudiness,Wind Speed,Current Description
0,sai buri,TH,2021-01-17 06:42:02,6.7013,101.6168,86.0,62,40,10.36,scattered clouds
1,vaini,TO,2021-01-17 06:33:48,-21.2,-175.2,84.2,84,75,5.75,broken clouds
2,luderitz,NA,2021-01-17 06:34:25,-26.6481,15.1594,68.16,59,0,9.73,clear sky
3,saint-philippe,RE,2021-01-17 06:34:05,-21.3585,55.7679,86.0,66,0,8.05,clear sky
4,dabat,ET,2021-01-17 06:42:02,12.9842,37.765,63.46,31,100,3.67,overcast clouds
5,yellowknife,CA,2021-01-17 06:33:50,62.456,-114.3525,-5.01,77,90,9.22,light snow
6,iqaluit,CA,2021-01-17 06:29:22,63.7506,-68.5145,-4.0,77,90,2.3,light snow
7,sagaing,MM,2021-01-17 06:42:02,21.8787,95.9797,82.4,44,0,4.61,clear sky
8,batagay-alyta,RU,2021-01-17 06:42:02,67.8006,130.4114,-31.32,82,100,1.95,overcast clouds
9,ushuaia,AR,2021-01-17 06:32:01,-54.8,-68.3,48.2,81,40,8.05,scattered clouds
10,saiha,IN,2021-01-17 06:40:06,22.4833,92.9667,77.65,30,52,4.23,broken clouds
11,tuy hoa,VN,2021-01-17 06:42:02,13.0833,109.3,74.59,73,86,17.43,overcast clouds
12,mahebourg,MU,2021-01-17 06:33:51,-20.4081,57.7,86.0,70,75,13.8,broken clouds
13,butaritari,KI,2021-01-17 06:33:57,3.0707,172.7902,80.82,78,56,19.37,broken clouds
14,tiruchchendur,IN,2021-01-17 06:42:03,8.4833,78.1167,82.4,74,40,9.22,scattered clouds
15,mahibadhoo,MV,2021-01-17 06:34:22,3.7833,72.9667,81.84,69,0,5.82,clear sky
16,east london,ZA,2021-01-17 06:33:52,-33.0153,27.9116,73.4,60,0,20.71,clear sky
17,barrow,US,2021-01-17 06:33:51,71.2906,-156.7887,1.4,71,90,21.85,overcast clouds
18,khatanga,RU,2021-01-17 06:33:54,71.9667,102.5,-24.75,85,17,9.86,few clouds
19,la libertad,EC,2021-01-17 06:42:03,-2.2333,-80.9,75.9,82,100,4.85,overcast clouds
20,rikitea,PF,2021-01-17 06:33:49,-23.1203,-134.9692,78.58,73,0,11.9,clear sky
21,qaanaaq,GL,2021-01-17 06:33:55,77.484,-69.3632,2.28,83,0,4.52,clear sky
22,isangel,VU,2021-01-17 06:34:04,-19.55,169.2667,86.0,84,75,3.44,light rain
23,punta arenas,CL,2021-01-17 06:32:15,-53.15,-70.9167,48.2,81,20,13.8,few clouds
24,puerto ayora,EC,2021-01-17 06:31:14,-0.7393,-90.3518,73.99,96,7,7.07,clear sky
25,avarua,CK,2021-01-17 06:33:53,-21.2078,-159.775,80.6,74,88,3.44,haze
26,bredasdorp,ZA,2021-01-17 06:33:52,-34.5322,20.0403,68.0,73,0,4.61,clear sky
27,aklavik,CA,2021-01-17 06:33:59,68.2191,-135.0107,-9.4,77,99,5.75,overcast clouds
28,salinopolis,BR,2021-01-17 06:37:13,-0.6136,-47.3561,78.42,84,100,6.22,overcast clouds
29,medvedka,RU,2021-01-17 06:42:03,61.1629,46.387,-8.3,90,35,5.91,scattered clouds
30,kidal,ML,2021-01-17 06:42:03,18.4411,1.4078,60.58,23,100,10.96,overcast clouds
31,bluff,NZ,2021-01-17 06:33:50,-46.6,168.3333,56.64,71,100,16.44,light rain
32,san patricio,US,2021-01-17 06:33:53,28.017,-97.5169,50.0,76,1,3.44,clear sky
33,lanzhou,CN,2021-01-17 06:37:13,36.0564,103.7922,39.0,38,0,4.5,clear sky
34,port elizabeth,ZA,2021-01-17 06:33:48,-33.918,25.5701,71.6,73,0,16.11,clear sky
35,tiarei,PF,2021-01-17 06:42:03,-17.5333,-149.3333,82.4,69,20,3.44,few clouds
36,rio pardo de minas,BR,2021-01-17 06:42:03,-15.6097,-42.5397,62.01,94,86,4.43,overcast clouds
37,atuona,PF,2021-01-17 06:33:54,-9.8,-139.0333,77.83,81,3,15.61,clear sky
38,saint-pierre,RE,2021-01-17 06:42:04,-21.3393,55.4781,87.8,62,0,8.05,clear sky
39,albany,US,2021-01-17 06:29:19,42.6001,-73.9662,36.0,64,100,4.0,overcast clouds
40,laguna,US,2021-01-17 06:31:59,38.421,-121.4238,51.01,81,1,3.44,clear sky
41,ilulissat,GL,2021-01-17 06:33:49,69.2167,-51.1,17.6,41,5,20.71,light snow
42,porto santo,PT,2021-01-17 06:42:04,33.072,-16.3415,59.0,63,40,10.36,scattered clouds
43,mataura,NZ,2021-01-17 06:33:49,-46.1927,168.8643,54.88,78,100,4.99,moderate rain
44,roald,NO,2021-01-17 06:34:03,62.5833,6.1333,37.4,48,75,14.97,broken clouds
45,clinton,US,2021-01-17 06:42:04,42.587,-82.9199,34.0,100,90,8.05,overcast clouds
46,byron bay,AU,2021-01-17 06:34:18,-28.65,153.6167,80.6,54,58,14.97,broken clouds
47,hofn,IS,2021-01-17 06:34:03,64.2539,-15.2082,40.12,70,100,9.15,overcast clouds
48,bwanga,TZ,2021-01-17 06:42:04,-3.0308,31.7601,67.62,86,87,2.39,light rain
49,luwingu,ZM,2021-01-17 06:42:04,-10.2621,29.9271,70.36,81,25,7.16,light rain
50,stornoway,GB,2021-01-17 06:42:04,58.2093,-6.3865,41.0,81,75,19.57,broken clouds
51,westport,US,2021-01-17 06:34:18,41.1415,-73.3579,36.0,78,0,15.93,clear sky
52,kruisfontein,ZA,2021-01-17 06:34:10,-34.0033,24.7314,75.0,64,91,4.0,light rain
53,maarianhamina,AX,2021-01-17 06:42:04,60.0973,19.9348,24.8,86,90,1.14,overcast clouds
54,amapa,BR,2021-01-17 06:34:13,1.0,-52.0,71.46,99,96,1.86,overcast clouds
55,ranong,TH,2021-01-17 06:34:04,9.9658,98.6348,87.8,51,20,17.27,few clouds
56,jamestown,US,2021-01-17 06:33:47,42.097,-79.2353,28.99,86,90,12.66,light snow
57,meulaboh,ID,2021-01-17 06:34:23,4.1363,96.1285,88.07,52,100,4.32,overcast clouds
58,palmer,US,2021-01-17 06:42:05,42.1584,-72.3287,35.6,64,1,12.66,clear sky
59,kaitangata,NZ,2021-01-17 06:33:55,-46.2817,169.8464,57.0,84,100,8.01,light rain
60,kamaishi,JP,2021-01-17 06:42:05,39.2667,141.8833,32.0,74,75,10.36,light snow
61,airai,TL,2021-01-17 06:33:57,-8.9266,125.4092,66.85,100,100,1.54,moderate rain
62,mezen,RU,2021-01-17 06:42:05,65.8522,44.24,4.21,94,100,7.2,light snow
63,fort nelson,CA,2021-01-17 06:34:24,58.8053,-122.7002,14.0,85,90,0.94,overcast clouds
64,monrovia,LR,2021-01-17 06:34:00,6.3005,-10.7969,75.2,94,90,5.75,fog
65,sao filipe,CV,2021-01-17 06:33:59,14.8961,-24.4956,70.79,73,24,9.17,few clouds
66,kodiak,US,2021-01-17 06:33:55,57.79,-152.4072,37.4,93,90,4.61,light rain
67,busselton,AU,2021-01-17 06:33:48,-33.65,115.3333,91.0,24,0,8.01,clear sky
68,kabo,CF,2021-01-17 06:42:05,7.6994,18.629,78.78,19,5,3.78,clear sky
69,castro,BR,2021-01-17 06:33:51,-24.7911,-50.0119,65.64,95,100,8.08,light rain
70,zambrow,PL,2021-01-17 06:42:05,52.9855,22.2432,0.0,82,61,6.26,broken clouds
71,lamu,KE,2021-01-17 06:42:05,-2.2717,40.902,82.4,74,20,8.05,few clouds
72,broken hill,AU,2021-01-17 06:34:14,-31.95,141.4333,80.6,26,100,13.8,overcast clouds
73,hithadhoo,MV,2021-01-17 06:33:48,-0.6,73.0833,81.46,72,96,9.19,overcast clouds
74,asau,RO,2021-01-17 06:42:05,46.4333,26.4,14.0,57,96,4.43,overcast clouds
75,ponta do sol,PT,2021-01-17 06:33:54,32.6667,-17.1,55.99,66,56,1.99,broken clouds
76,netarhat,IN,2021-01-17 06:42:05,23.4833,84.2667,72.37,20,0,4.32,clear sky
77,lavrentiya,RU,2021-01-17 06:34:07,65.5833,-171.0,-7.87,85,75,9.6,broken clouds
78,huarmey,PE,2021-01-17 06:42:05,-10.0681,-78.1522,71.22,80,100,6.51,overcast clouds
79,vega de alatorre,MX,2021-01-17 06:42:05,20.0333,-96.6333,66.6,79,100,10.31,light rain
80,erenhot,CN,2021-01-17 06:42:06,43.6475,111.9767,8.62,88,67,16.15,broken clouds
81,torbay,CA,2021-01-17 06:33:56,47.6666,-52.7314,34.0,93,90,16.11,overcast clouds
82,mar del plata,AR,2021-01-17 06:33:54,-38.0023,-57.5575,61.0,88,90,5.75,light rain
83,ballina,AU,2021-01-17 06:34:13,-28.8667,153.5667,82.4,54,83,14.97,broken clouds
84,alegrete,BR,2021-01-17 06:42:06,-29.7831,-55.7919,70.7,90,100,6.02,overcast clouds
85,leningradskiy,RU,2021-01-17 06:33:50,69.3833,178.4167,-20.7,85,100,4.94,overcast clouds
86,hobyo,SO,2021-01-17 06:34:19,5.3505,48.5268,80.01,66,52,17.67,broken clouds
87,braco do norte,BR,2021-01-17 06:40:23,-28.275,-49.1656,72.1,92,98,2.57,light rain
88,zatoka,UA,2021-01-17 06:42:06,46.0725,30.4654,5.0,78,0,11.18,clear sky
89,aksu,CN,2021-01-17 06:39:13,41.1231,80.2644,25.54,75,0,1.74,clear sky
90,verkh-usugli,RU,2021-01-17 06:42:06,52.7,115.1667,-11.74,74,97,9.35,overcast clouds
91,nome,US,2021-01-17 06:40:37,64.5011,-165.4064,8.6,66,40,6.91,scattered clouds
92,richards bay,ZA,2021-01-17 06:39:00,-28.783,32.0377,74.41,80,99,8.81,overcast clouds
93,paka,MY,2021-01-17 06:42:06,4.6374,103.4368,82.4,74,40,10.36,scattered clouds
94,port-cartier,CA,2021-01-17 06:34:04,50.0334,-66.8654,28.4,93,100,14.97,snow
95,geraldton,AU,2021-01-17 06:31:03,-28.7667,114.6,102.2,19,75,18.41,broken clouds
96,half moon bay,US,2021-01-17 06:37:29,37.4636,-122.4286,55.0,93,90,1.68,mist
97,dolores,AR,2021-01-17 06:42:06,-36.3132,-57.6792,58.05,94,38,9.06,scattered clouds
98,faanui,PF,2021-01-17 06:33:48,-16.4833,-151.75,81.57,78,0,13.18,light rain
99,jalu,LY,2021-01-17 06:34:17,29.0331,21.5482,53.04,55,0,17.92,clear sky
100,gat,IL,2021-01-17 06:42:06,31.61,34.7642,57.0,55,0,4.0,clear sky
101,meridian,US,2021-01-17 06:40:13,43.6121,-116.3915,33.8,100,35,1.16,mist
102,ostrovnoy,RU,2021-01-17 06:34:09,68.0531,39.5131,24.96,96,100,6.08,overcast clouds
103,dikson,RU,2021-01-17 06:33:52,73.5069,80.5464,-28.44,85,3,11.07,clear sky
104,guliston,UZ,2021-01-17 06:42:06,40.4897,68.7842,52.79,42,0,6.24,clear sky
105,kitimat,CA,2021-01-17 06:42:07,54.0524,-128.6534,35.01,96,100,3.15,moderate rain
106,georgiyevka,KZ,2021-01-17 06:42:07,43.0369,74.7114,37.4,56,0,8.95,clear sky
107,surt,LY,2021-01-17 06:34:13,31.2089,16.5887,55.38,72,4,19.35,light rain
108,lyubim,RU,2021-01-17 06:42:07,58.3625,40.6843,-9.53,89,12,5.82,few clouds
109,carnarvon,AU,2021-01-17 06:33:53,-24.8667,113.6333,91.4,58,78,17.27,broken clouds
110,salalah,OM,2021-01-17 06:34:24,17.0151,54.0924,80.6,12,0,4.61,clear sky
111,gaya,IN,2021-01-17 06:42:07,24.7833,85.0,59.0,77,90,3.44,mist
112,mount isa,AU,2021-01-17 06:30:59,-20.7333,139.5,102.2,14,100,17.27,overcast clouds
113,tongchuan,CN,2021-01-17 06:41:23,35.0806,109.0897,42.53,40,0,16.04,clear sky
114,saint anthony,US,2021-01-17 06:42:07,45.0205,-93.218,23.0,93,90,5.75,overcast clouds
115,upernavik,GL,2021-01-17 06:33:50,72.7868,-56.1549,7.7,81,0,7.52,clear sky
116,hermanus,ZA,2021-01-17 06:33:49,-34.4187,19.2345,73.0,68,0,3.0,clear sky
117,henties bay,NA,2021-01-17 06:34:20,-22.116,14.2845,68.0,83,3,4.25,clear sky
118,klaksvik,FO,2021-01-17 06:33:53,62.2266,-6.589,41.0,87,75,28.77,light rain
119,brae,GB,2021-01-17 06:34:14,60.3964,-1.353,46.4,81,75,28.77,light rain
120,hasaki,JP,2021-01-17 06:34:05,35.7333,140.8333,44.01,61,75,6.91,light rain
121,port alfred,ZA,2021-01-17 06:33:49,-33.5906,26.891,66.99,93,8,5.01,clear sky
122,moerai,PF,2021-01-17 06:42:07,-22.4333,-151.3333,80.47,67,77,8.5,broken clouds
123,saskylakh,RU,2021-01-17 06:33:51,71.9167,114.0833,-27.58,84,79,5.82,broken clouds
124,nizhniy tsasuchey,RU,2021-01-17 06:42:07,50.5167,115.1333,-6.25,71,95,14.58,overcast clouds
125,kerchevskiy,RU,2021-01-17 06:42:08,59.946,56.2884,6.35,95,100,6.22,light snow
126,la ligua,CL,2021-01-17 06:42:08,-32.4524,-71.2311,49.08,75,0,0.56,clear sky
127,chokurdakh,RU,2021-01-17 06:34:00,70.6333,147.9167,-19.28,88,100,11.16,overcast clouds
128,kedougou,SN,2021-01-17 06:42:08,12.5579,-12.1743,66.2,32,1,6.91,clear sky
129,new norfolk,AU,2021-01-17 06:33:49,-42.7826,147.0587,64.99,61,100,4.0,overcast clouds
130,bangassou,CF,2021-01-17 06:42:08,4.7413,22.8184,80.82,29,99,3.22,overcast clouds
131,guerrero negro,MX,2021-01-17 06:42:08,27.9769,-114.0611,59.86,64,0,5.44,clear sky
132,nikolskoye,RU,2021-01-17 06:33:50,59.7035,30.7861,14.0,92,75,4.47,light snow
133,hobart,AU,2021-01-17 06:31:33,-42.8794,147.3294,66.0,52,40,21.85,scattered clouds
134,puerto leguizamo,CO,2021-01-17 06:42:08,-0.1934,-74.7819,74.05,81,100,1.7,overcast clouds
135,waingapu,ID,2021-01-17 06:42:08,-9.6567,120.2641,82.27,77,100,3.24,light rain
136,esperance,AU,2021-01-17 06:33:56,-33.8667,121.9,78.8,38,0,21.85,clear sky
137,bethel,US,2021-01-17 06:33:54,41.3712,-73.414,34.0,69,1,11.5,clear sky
138,honiara,SB,2021-01-17 06:34:06,-9.4333,159.95,83.25,74,2,3.04,light rain
139,rodrigues alves,BR,2021-01-17 06:42:08,-7.738,-72.6509,72.61,95,80,2.28,broken clouds
140,kapaa,US,2021-01-17 06:33:48,22.0752,-159.319,75.2,88,75,5.75,broken clouds
141,thompson,CA,2021-01-17 06:33:56,55.7435,-97.8558,-4.0,84,1,9.22,snow
142,touros,BR,2021-01-17 06:34:03,-5.1989,-35.4608,73.4,83,20,3.44,few clouds
143,hilo,US,2021-01-17 06:33:52,19.7297,-155.09,73.4,73,90,3.44,overcast clouds
144,suraabad,AZ,2021-01-17 06:42:08,40.8192,49.4687,48.2,93,90,9.22,overcast clouds
145,oranjemund,NA,2021-01-17 06:33:59,-28.55,16.4333,67.15,67,0,11.61,clear sky
146,sechura,PE,2021-01-17 06:42:09,-5.5569,-80.8222,71.33,81,98,11.43,overcast clouds
147,deputatskiy,RU,2021-01-17 06:34:12,69.3,139.9,-23.91,89,100,1.95,overcast clouds
148,camacha,PT,2021-01-17 06:33:49,33.0833,-16.3333,59.0,63,40,9.22,scattered clouds
149,la paz,BO,2021-01-17 06:39:26,-16.5,-68.15,42.8,93,75,4.61,broken clouds
150,xaxim,BR,2021-01-17 06:42:09,-26.9617,-52.5347,67.62,94,100,5.12,moderate rain
151,penzance,GB,2021-01-17 06:42:09,50.1186,-5.5371,44.6,76,75,10.36,broken clouds
152,khromtau,KZ,2021-01-17 06:42:09,50.2503,58.4347,16.14,96,0,17.76,clear sky
153,bathsheba,BB,2021-01-17 06:34:00,13.2167,-59.5167,77.0,83,40,11.5,scattered clouds
154,kiama,AU,2021-01-17 06:42:09,-34.6833,150.8667,70.0,68,41,5.99,scattered clouds
155,belaya gora,RU,2021-01-17 06:33:56,68.5333,146.4167,-28.98,85,95,2.77,overcast clouds
156,sangar,RU,2021-01-17 06:42:09,63.9242,127.4739,-38.43,81,100,2.04,overcast clouds
157,cabo san lucas,MX,2021-01-17 06:33:50,22.8909,-109.9124,59.0,63,0,1.01,clear sky
158,katsuura,JP,2021-01-17 06:33:54,35.1333,140.3,48.99,42,75,5.01,broken clouds
159,dunedin,NZ,2021-01-17 06:32:03,-45.8742,170.5036,60.01,79,99,5.99,light rain
160,batemans bay,AU,2021-01-17 06:42:09,-35.7167,150.1833,71.01,56,0,4.0,clear sky
161,tiksi,RU,2021-01-17 06:34:19,71.6872,128.8694,-19.61,88,100,8.7,overcast clouds
162,charlestown,AU,2021-01-17 06:42:09,-32.95,151.6667,75.0,72,96,12.62,overcast clouds
163,nanortalik,GL,2021-01-17 06:34:19,60.1432,-45.2371,25.5,95,100,5.91,overcast clouds
164,vostok,RU,2021-01-17 06:34:08,46.4856,135.8833,-3.75,91,100,2.46,overcast clouds
165,ribeira grande,PT,2021-01-17 06:33:50,38.5167,-28.7,63.14,86,100,26.64,overcast clouds
166,santa rosa,PH,2021-01-17 06:40:03,14.3122,121.1114,86.0,59,94,3.0,overcast clouds
167,carauari,BR,2021-01-17 06:40:41,-4.8828,-66.8958,72.9,97,100,1.99,heavy intensity rain
168,bambous virieux,MU,2021-01-17 06:33:54,-20.3428,57.7575,86.0,70,75,13.8,broken clouds
169,korla,CN,2021-01-17 06:34:04,41.7597,86.1469,27.82,71,0,12.21,clear sky
170,sinop,TR,2021-01-17 06:42:09,41.7711,34.8709,34.61,83,100,10.2,light snow
171,ca mau,VN,2021-01-17 06:40:13,9.1769,105.15,88.88,42,8,8.37,clear sky
172,alyangula,AU,2021-01-17 06:42:10,-13.8483,136.4192,78.8,94,90,14.97,light rain
173,havre-saint-pierre,CA,2021-01-17 06:34:09,50.2334,-63.5986,24.8,93,90,19.57,light snow
174,faya,SA,2021-01-17 06:34:18,18.3851,42.4509,60.8,51,0,11.5,clear sky
175,sakakah,SA,2021-01-17 06:42:10,29.9697,40.2064,46.4,61,0,5.75,clear sky
176,ranau,MY,2021-01-17 06:42:10,5.9538,116.6641,73.4,94,40,3.44,moderate rain
177,catamarca,AR,2021-01-17 06:42:10,-28.4696,-65.7852,62.01,99,100,4.0,light rain
178,deogarh,IN,2021-01-17 06:42:10,21.5333,84.7333,81.55,21,0,3.83,clear sky
179,severo-yeniseyskiy,RU,2021-01-17 06:42:10,60.3725,93.0408,-10.97,90,100,6.53,overcast clouds
180,severo-kurilsk,RU,2021-01-17 06:34:03,50.6789,156.125,29.01,97,85,21.45,snow
181,kommunisticheskiy,RU,2021-01-17 06:42:10,61.6789,64.4819,-6.09,91,100,5.91,light snow
182,vila velha,BR,2021-01-17 06:42:10,-20.3297,-40.2925,73.0,94,0,3.44,clear sky
183,nan,TH,2021-01-17 06:42:10,18.8333,100.6667,82.4,51,0,6.91,clear sky
184,nipawin,CA,2021-01-17 06:42:10,53.3668,-104.0009,14.0,79,1,6.91,clear sky
185,svetlogorsk,BY,2021-01-17 06:42:10,52.6333,29.7333,2.59,93,100,6.8,overcast clouds
186,mandvi,IN,2021-01-17 06:42:10,22.8333,69.3667,76.8,33,0,4.9,clear sky
187,salina cruz,MX,2021-01-17 06:42:11,16.1667,-95.2,70.95,70,35,17.16,scattered clouds
188,mahon,ES,2021-01-17 06:42:11,39.8885,4.2658,51.8,82,0,9.22,clear sky
189,toul,FR,2021-01-17 06:42:11,48.6667,5.9167,41.0,100,90,5.75,fog
190,naze,JP,2021-01-17 06:34:20,28.3667,129.4833,55.4,62,75,17.27,broken clouds
191,lichtenburg,ZA,2021-01-17 06:42:11,-26.152,26.1597,75.99,36,2,9.93,clear sky
192,mackay,AU,2021-01-17 06:42:11,-21.15,149.2,82.4,78,40,14.97,scattered clouds
193,fallon,US,2021-01-17 06:34:16,39.4735,-118.7774,32.0,80,1,4.41,clear sky
194,marzuq,YE,2021-01-17 06:42:11,14.4,46.4667,73.45,21,38,2.3,scattered clouds
195,longyearbyen,SJ,2021-01-17 06:33:51,78.2186,15.6401,21.2,86,75,11.5,broken clouds
196,zonguldak,TR,2021-01-17 06:42:11,41.25,31.8333,30.61,100,100,2.28,light snow
197,tomatlan,MX,2021-01-17 06:34:23,19.9333,-105.25,67.68,66,100,2.08,overcast clouds
198,ban nahin,LA,2021-01-17 06:42:11,18.2418,104.2122,84.0,43,100,9.8,overcast clouds
199,sisimiut,GL,2021-01-17 06:42:11,66.9395,-53.6735,20.5,83,100,18.03,overcast clouds
200,saint-joseph,RE,2021-01-17 06:34:24,-21.3667,55.6167,86.0,66,0,8.05,clear sky
201,marfino,RU,2021-01-17 06:42:11,55.7028,37.3822,-4.0,77,75,11.18,broken clouds
202,apeldoorn,NL,2021-01-17 06:42:11,52.21,5.9694,33.01,100,90,4.61,mist
203,kenscoff,HT,2021-01-17 06:42:12,18.4506,-72.2869,71.6,78,100,8.05,overcast clouds
204,belyy yar,RU,2021-01-17 06:33:55,53.6039,91.3903,12.2,73,100,2.24,overcast clouds
205,puerto escondido,MX,2021-01-17 06:34:07,15.85,-97.0667,75.11,75,100,3.8,overcast clouds
206,cherskiy,RU,2021-01-17 06:33:51,68.75,161.3,-23.15,86,100,3.2,overcast clouds
207,penarroya-pueblonuevo,ES,2021-01-17 06:42:12,38.3,-5.2667,42.01,93,0,2.3,clear sky
208,trairi,BR,2021-01-17 06:39:47,-3.2778,-39.2689,79.2,79,100,10.16,overcast clouds
209,sao jose da coroa grande,BR,2021-01-17 06:34:02,-8.8978,-35.1478,76.12,84,0,9.55,clear sky
210,pandan,PH,2021-01-17 06:34:07,14.0453,124.1694,80.42,84,88,10.63,overcast clouds
211,kavieng,PG,2021-01-17 06:33:57,-2.5744,150.7967,84.31,73,86,17.54,overcast clouds
212,comodoro rivadavia,AR,2021-01-17 06:42:12,-45.8667,-67.5,53.6,76,0,3.51,clear sky
213,bubaque,GW,2021-01-17 06:34:16,11.2833,-15.8333,75.43,69,99,12.66,overcast clouds
214,sevierville,US,2021-01-17 06:37:34,35.8681,-83.5618,36.0,63,99,5.01,overcast clouds
215,kovdor,RU,2021-01-17 06:42:12,67.5662,30.4758,15.89,97,72,3.47,broken clouds
216,malmo,SE,2021-01-17 06:42:12,55.6059,13.0007,28.4,93,90,3.44,overcast clouds
217,celestun,MX,2021-01-17 06:34:09,20.8667,-90.4,64.35,68,98,5.97,overcast clouds
218,marrakesh,MA,2021-01-17 06:42:12,31.6315,-8.0083,39.2,87,0,2.3,clear sky
219,cockburn town,TC,2021-01-17 06:33:51,21.4612,-71.1419,77.76,75,100,7.36,overcast clouds
220,axim,GH,2021-01-17 06:42:12,4.8699,-2.2405,78.57,84,2,3.85,clear sky
221,anadyr,RU,2021-01-17 06:42:12,64.75,177.4833,-7.01,77,75,6.71,light snow
222,sao joao da barra,BR,2021-01-17 06:34:25,-21.6403,-41.0511,73.24,86,0,12.21,clear sky
223,padang,ID,2021-01-17 06:31:10,-0.9492,100.3543,89.6,58,40,8.05,light rain
224,mount gambier,AU,2021-01-17 06:33:56,-37.8333,140.7667,68.0,45,0,14.97,clear sky
225,siniscola,IT,2021-01-17 06:42:13,40.5719,9.6922,48.2,76,40,23.02,scattered clouds
226,tasiilaq,GL,2021-01-17 06:33:52,65.6145,-37.6368,26.6,93,40,3.44,scattered clouds
227,georgetown,MY,2021-01-17 06:29:29,5.4112,100.3354,87.01,70,20,9.22,few clouds
228,mecca,SA,2021-01-17 06:42:13,21.4267,39.8261,72.19,63,4,5.97,clear sky
229,los llanos de aridane,ES,2021-01-17 06:33:54,28.6585,-17.9182,64.4,59,90,9.22,overcast clouds
230,zhigansk,RU,2021-01-17 06:42:13,66.7697,123.3711,-41.6,81,91,5.12,overcast clouds
231,rocha,UY,2021-01-17 06:33:57,-34.4833,-54.3333,65.86,96,0,6.87,clear sky
232,burns lake,CA,2021-01-17 06:42:13,54.2331,-125.7533,30.2,93,98,2.3,overcast clouds
233,port lincoln,AU,2021-01-17 06:34:00,-34.7333,135.8667,66.09,64,38,14.41,scattered clouds
234,cocal,BR,2021-01-17 06:42:13,-28.6167,-49.35,71.76,92,87,2.82,overcast clouds
235,cayenne,GF,2021-01-17 06:30:05,4.9333,-52.3333,77.0,100,75,2.3,light rain
236,bandarbeyla,SO,2021-01-17 06:34:06,9.4942,50.8122,78.24,59,0,11.41,clear sky
237,brownwood,US,2021-01-17 06:37:48,31.7093,-98.9912,37.4,56,75,4.61,broken clouds
238,manggar,ID,2021-01-17 06:42:13,-2.8833,108.2667,77.36,88,100,8.41,overcast clouds
239,kailua,US,2021-01-17 06:42:13,21.4022,-157.7394,77.0,73,40,6.91,scattered clouds
240,minador do negrao,BR,2021-01-17 06:42:13,-9.3053,-36.8647,68.5,92,43,4.29,scattered clouds
241,ashland,US,2021-01-17 06:42:13,40.8167,-82.2665,32.0,93,90,8.05,overcast clouds
242,urdoma,RU,2021-01-17 06:42:13,61.7533,48.5442,-9.94,90,4,4.47,clear sky
243,labuhan,ID,2021-01-17 06:34:09,-6.8844,112.2051,83.44,77,21,13.98,light rain
244,chuy,UY,2021-01-17 06:33:59,-33.6971,-53.4616,66.43,91,1,3.74,clear sky
245,maniitsoq,GL,2021-01-17 06:33:50,65.4167,-52.9,22.71,97,100,9.28,snow
246,ampanihy,MG,2021-01-17 06:42:14,-24.7,44.75,94.96,35,90,6.89,overcast clouds
247,husavik,IS,2021-01-17 06:33:52,66.0449,-17.3389,33.8,100,90,3.44,light snow
248,cape town,ZA,2021-01-17 06:28:53,-33.9258,18.4232,73.0,73,0,5.75,clear sky
249,bengkulu,ID,2021-01-17 06:34:01,-3.8004,102.2655,85.35,61,100,7.38,moderate rain
250,cidreira,BR,2021-01-17 06:33:51,-30.1811,-50.2056,73.18,89,100,6.87,overcast clouds
251,olafsvik,IS,2021-01-17 06:34:00,64.8945,-23.7142,35.33,93,100,14.76,light snow
252,tuktoyaktuk,CA,2021-01-17 06:33:58,69.4541,-133.0374,-2.2,78,90,5.75,light snow
253,ibotirama,BR,2021-01-17 06:39:19,-12.1853,-43.2206,67.93,91,100,2.48,overcast clouds
254,buraydah,SA,2021-01-17 06:42:13,26.326,43.975,57.2,58,0,6.91,clear sky
255,verkhnevilyuysk,RU,2021-01-17 06:42:14,63.4453,120.3167,-39.78,80,100,5.86,overcast clouds
256,parry sound,CA,2021-01-17 06:30:08,45.3501,-80.033,33.8,80,100,10.89,light snow
257,mehamn,NO,2021-01-17 06:33:49,71.0357,27.8492,35.67,87,100,14.5,overcast clouds
258,norman wells,CA,2021-01-17 06:34:19,65.282,-126.8329,-7.6,84,1,5.75,clear sky
259,tanout,NE,2021-01-17 06:33:48,14.9709,8.8879,66.13,24,0,8.84,clear sky
260,wilmington,US,2021-01-17 06:34:09,34.2257,-77.9447,39.99,60,1,10.36,clear sky
261,tokmak,UA,2021-01-17 06:42:14,47.2514,35.7058,17.4,93,100,14.03,overcast clouds
262,nemuro,JP,2021-01-17 06:42:14,43.3236,145.575,19.4,58,75,3.44,broken clouds
263,college,US,2021-01-17 06:32:43,64.8569,-147.8028,12.99,71,75,4.47,broken clouds
264,dwarka,IN,2021-01-17 06:34:15,22.2394,68.9678,77.56,31,0,3.51,clear sky
265,aksarka,RU,2021-01-17 06:33:14,66.5606,67.7975,-10.07,89,100,17.22,overcast clouds
266,pacifica,US,2021-01-17 06:42:14,37.6138,-122.4869,57.0,87,1,3.44,clear sky
267,kenai,US,2021-01-17 06:34:15,60.5544,-151.2583,36.0,64,75,20.71,broken clouds
268,panguna,PG,2021-01-17 06:42:14,-6.3164,155.4848,77.05,81,100,3.87,overcast clouds
269,brigantine,US,2021-01-17 06:42:14,39.4101,-74.3646,37.99,70,1,11.5,clear sky
270,ahipara,NZ,2021-01-17 06:34:16,-35.1667,173.1667,67.66,86,47,8.5,scattered clouds
271,salgar,CO,2021-01-17 06:42:15,5.965,-75.9654,57.2,94,75,3.44,broken clouds
272,emba,KZ,2021-01-17 06:42:15,48.8264,58.1442,17.71,94,0,7.09,clear sky
273,boddam,GB,2021-01-17 06:42:15,57.4667,-1.7833,37.4,75,0,10.36,clear sky
274,athens,GR,2021-01-17 06:39:44,37.9795,23.7162,35.01,55,20,17.27,few clouds
275,anderson,US,2021-01-17 06:39:09,34.5334,-82.6499,34.0,64,1,5.75,clear sky
276,pardi,IN,2021-01-17 06:42:15,20.5167,72.95,80.6,61,0,2.84,haze
277,poso,ID,2021-01-17 06:42:15,-1.3959,120.7524,81.0,77,100,3.8,overcast clouds
278,northam,GB,2021-01-17 06:42:15,51.0333,-4.2167,45.0,82,7,7.0,clear sky
279,camana,PE,2021-01-17 06:42:15,-16.6228,-72.7111,69.44,78,70,4.85,broken clouds
280,provideniya,RU,2021-01-17 06:33:56,64.3833,-173.3,-8.61,84,88,9.57,overcast clouds
281,ambo,PE,2021-01-17 06:42:15,-10.1308,-76.2047,61.66,60,100,3.06,light rain
282,kieta,PG,2021-01-17 06:34:18,-6.2167,155.6333,83.82,69,100,6.67,overcast clouds
283,egvekinot,RU,2021-01-17 06:33:59,66.3167,-179.1667,-15.74,86,100,13.35,overcast clouds
284,paamiut,GL,2021-01-17 06:34:18,61.994,-49.6678,28.89,98,100,20.13,snow
285,gasa,PS,2021-01-17 06:42:15,31.5,34.4667,57.0,55,0,4.0,clear sky
286,lakes entrance,AU,2021-01-17 06:42:16,-37.8811,147.981,72.0,42,0,11.01,clear sky
287,clyde river,CA,2021-01-17 06:34:10,70.4692,-68.5914,5.0,85,90,23.02,light snow
288,north bend,US,2021-01-17 06:33:49,43.4065,-124.2243,50.0,100,1,2.28,mist
289,nabire,ID,2021-01-17 06:34:18,-3.3667,135.4833,83.82,70,100,1.68,overcast clouds
290,maceio,BR,2021-01-17 06:41:55,-9.6658,-35.7353,73.4,94,75,3.44,broken clouds
291,sumbe,AO,2021-01-17 06:42:16,-11.2061,13.8437,78.06,68,0,4.85,clear sky
292,sungaipenuh,ID,2021-01-17 06:42:16,-2.0833,101.3833,81.14,50,100,4.9,overcast clouds
293,necochea,AR,2021-01-17 06:34:19,-38.5473,-58.7368,62.01,80,92,13.76,light rain
294,arraial do cabo,BR,2021-01-17 06:33:49,-22.9661,-42.0278,75.13,84,0,27.98,clear sky
295,amalapuram,IN,2021-01-17 06:42:16,16.5833,82.0167,82.4,57,20,5.75,haze
296,thanh hoa,VN,2021-01-17 06:42:16,19.8,105.7667,58.08,64,100,17.52,overcast clouds
297,changli,CN,2021-01-17 06:42:16,39.7042,119.1506,30.99,83,82,15.48,broken clouds
298,ambon,ID,2021-01-17 06:34:12,-3.6954,128.1814,89.6,62,40,10.36,light rain
299,saint-augustin,CA,2021-01-17 06:34:22,51.226,-58.6502,24.19,93,100,11.92,overcast clouds
300,baykit,RU,2021-01-17 06:33:49,61.67,96.37,-25.15,80,100,4.97,overcast clouds
301,norilsk,RU,2021-01-17 06:42:16,69.3535,88.2027,-24.14,68,0,6.96,clear sky
302,vardo,NO,2021-01-17 06:34:00,70.3705,31.1107,33.85,92,100,11.74,snow
303,andenes,NO,2021-01-17 06:42:16,69.3143,16.1194,33.8,93,75,10.36,broken clouds
304,te anau,NZ,2021-01-17 06:33:55,-45.4167,167.7167,56.52,81,67,2.59,light rain
305,kavaratti,IN,2021-01-17 06:34:04,10.5669,72.642,82.33,72,0,8.5,clear sky
306,tuatapere,NZ,2021-01-17 06:34:09,-46.1333,167.6833,53.08,86,100,12.84,overcast clouds
307,talakan,RU,2021-01-17 06:42:17,50.3167,130.3667,-5.08,88,100,2.51,overcast clouds
308,joshimath,IN,2021-01-17 06:42:17,30.5667,79.5667,64.04,22,0,6.51,clear sky
309,roebourne,AU,2021-01-17 06:42:17,-20.7833,117.1333,101.7,26,72,8.63,broken clouds
310,coihaique,CL,2021-01-17 06:42:17,-45.5752,-72.0662,51.49,85,100,7.0,overcast clouds
311,sitka,US,2021-01-17 06:42:17,57.0531,-135.33,44.6,81,90,10.36,moderate rain
312,adrar,MR,2021-01-17 06:34:15,20.5022,-10.0711,55.06,31,82,13.51,broken clouds
313,dingle,PH,2021-01-17 06:34:15,10.9995,122.6711,81.03,83,100,10.74,overcast clouds
314,jatai,BR,2021-01-17 06:42:17,-17.8814,-51.7144,67.84,95,100,4.85,light rain
315,humaita,BR,2021-01-17 06:42:17,-7.5061,-63.0208,73.04,97,100,2.35,overcast clouds
316,shimoda,JP,2021-01-17 06:42:17,34.6667,138.95,51.8,58,75,9.22,broken clouds
317,kanye,BW,2021-01-17 06:42:17,-24.9667,25.3327,79.92,44,84,9.71,broken clouds
318,ust-tsilma,RU,2021-01-17 06:42:17,65.441,52.1498,-12.8,89,93,3.04,overcast clouds
319,saint george,US,2021-01-17 06:33:55,37.1041,-113.5841,50.0,37,1,3.62,clear sky
320,natal,BR,2021-01-17 06:42:17,-5.795,-35.2094,78.8,73,20,9.22,few clouds
321,kamalapuram,IN,2021-01-17 06:42:17,14.5833,78.65,82.4,61,20,13.8,haze
322,san policarpo,PH,2021-01-17 06:42:18,12.1791,125.5072,81.95,75,88,10.42,overcast clouds
323,at-bashi,KG,2021-01-17 06:42:18,41.1702,75.8106,26.28,80,0,1.07,clear sky
324,wuhu,CN,2021-01-17 06:42:18,31.3366,118.3755,44.6,33,20,8.95,few clouds
325,chaman,PK,2021-01-17 06:42:18,30.9236,66.4512,57.36,27,0,1.79,clear sky
326,pevek,RU,2021-01-17 06:33:55,69.7008,170.3133,-23.06,85,21,1.81,few clouds
327,luena,AO,2021-01-17 06:42:18,-11.7833,19.9167,65.75,92,99,7.14,light rain
328,vilhena,BR,2021-01-17 06:42:18,-12.7406,-60.1458,70.39,95,100,4.27,light rain
329,garowe,SO,2021-01-17 06:42:18,8.4054,48.4845,78.06,34,0,9.19,clear sky
330,palu,ID,2021-01-17 06:42:18,-0.8917,119.8707,76.57,81,100,3.65,heavy intensity rain
331,abu dhabi,AE,2021-01-17 06:32:40,24.4667,54.3667,64.4,72,0,3.44,clear sky
332,san luis,AR,2021-01-17 06:42:18,-33.295,-66.3356,54.52,57,0,2.59,clear sky
333,altamont,US,2021-01-17 06:42:18,42.2068,-121.7372,33.8,100,90,5.75,fog
334,berlevag,NO,2021-01-17 06:33:48,70.8578,29.0864,34.36,94,100,11.65,snow
335,port hedland,AU,2021-01-17 06:42:18,-20.3167,118.5667,107.6,19,87,10.36,overcast clouds
336,eureka,US,2021-01-17 06:42:18,40.8021,-124.1637,46.99,100,90,3.44,fog
337,lagoa,PT,2021-01-17 06:33:50,39.05,-27.9833,61.95,89,100,24.07,overcast clouds
338,kismayo,SO,2021-01-17 06:42:18,-0.3582,42.5454,82.38,68,42,14.0,scattered clouds
339,tres arroyos,AR,2021-01-17 06:42:18,-38.3739,-60.2798,59.11,83,100,13.35,overcast clouds
340,kysyl-syr,RU,2021-01-17 06:42:19,63.8986,122.7617,-39.95,80,100,5.82,overcast clouds
341,yeppoon,AU,2021-01-17 06:42:19,-23.1333,150.7333,87.8,45,100,10.36,overcast clouds
342,saint-georges,GD,2021-01-17 06:42:19,12.0564,-61.7485,77.0,78,40,11.5,scattered clouds
343,jacmel,HT,2021-01-17 06:42:19,18.2342,-72.5347,71.6,78,100,8.05,overcast clouds
344,meiringen,CH,2021-01-17 06:42:19,46.7268,8.184,30.0,100,90,3.44,light snow
345,nhulunbuy,AU,2021-01-17 06:34:14,-12.2333,136.7667,84.2,79,100,12.66,overcast clouds
346,mandalgovi,MN,2021-01-17 06:42:19,45.7625,106.2708,13.41,83,0,12.28,clear sky
347,zaranj,AF,2021-01-17 06:42:19,30.9667,61.8833,55.4,22,0,4.61,clear sky
348,gold coast,AU,2021-01-17 06:39:20,-28.0,153.4333,81.0,54,4,8.05,light rain
349,bad salzungen,DE,2021-01-17 06:42:19,50.8167,10.2333,28.0,68,100,3.98,light snow
350,tahoua,NE,2021-01-17 06:42:19,14.8888,5.2692,64.4,24,0,4.61,clear sky
351,calella,ES,2021-01-17 06:42:19,41.618,2.6678,46.99,63,91,4.16,overcast clouds
352,gombong,ID,2021-01-17 06:42:19,-7.6072,109.5142,86.67,64,70,8.5,light rain
353,victoria,HK,2021-01-17 06:31:06,22.2855,114.1577,66.99,49,23,1.01,few clouds
354,kijang,KR,2021-01-17 06:33:59,35.2442,129.2139,37.4,10,0,13.8,clear sky
355,caravelas,BR,2021-01-17 06:42:19,-17.7125,-39.2481,73.53,89,100,5.28,overcast clouds
356,amboasary,MG,2021-01-17 06:42:19,-25.0333,46.3833,96.75,35,54,4.32,broken clouds
357,muri,IN,2021-01-17 06:42:19,23.3667,85.8667,69.8,43,13,3.44,haze
358,marostica,IT,2021-01-17 06:42:20,45.7468,11.6579,32.0,85,98,1.5,overcast clouds
359,kandry,RU,2021-01-17 06:42:20,54.5667,54.1167,9.32,93,100,17.49,overcast clouds
360,arrecife,ES,2021-01-17 06:42:20,28.963,-13.5477,62.6,67,75,8.05,broken clouds
361,sinnamary,GF,2021-01-17 06:34:13,5.3833,-52.95,77.2,86,57,10.87,broken clouds
362,coquimbo,CL,2021-01-17 06:34:11,-29.9533,-71.3436,57.2,88,0,4.61,clear sky
363,alofi,NU,2021-01-17 06:33:57,-19.0595,-169.9187,80.6,83,100,4.61,overcast clouds
364,guayaramerin,BO,2021-01-17 06:40:04,-10.8368,-65.3614,74.39,92,100,2.93,light rain
365,lebu,CL,2021-01-17 06:33:53,-37.6167,-73.65,54.73,90,0,18.07,clear sky
366,glace bay,CA,2021-01-17 06:42:20,46.1969,-59.957,36.0,93,90,27.63,overcast clouds
367,vestmannaeyjar,IS,2021-01-17 06:34:25,63.4427,-20.2734,39.56,72,47,18.66,scattered clouds
368,harboore,DK,2021-01-17 06:42:20,56.6175,8.1807,30.0,94,97,15.75,overcast clouds
369,kolyvan,RU,2021-01-17 06:42:20,55.3053,82.7391,15.8,62,0,13.42,clear sky
370,smithers,CA,2021-01-17 06:42:20,54.7804,-127.1743,35.6,87,90,4.61,overcast clouds
371,cascais,PT,2021-01-17 06:42:20,38.6979,-9.4215,46.0,83,0,4.76,clear sky
372,margate,GB,2021-01-17 06:30:20,51.3813,1.3862,43.0,81,100,4.0,overcast clouds
373,nelson bay,AU,2021-01-17 06:33:48,-32.7167,152.15,75.99,57,100,14.97,overcast clouds
374,beloha,MG,2021-01-17 06:34:18,-25.1667,45.05,95.77,33,44,7.34,scattered clouds
375,kuna,US,2021-01-17 06:42:11,43.4918,-116.4201,33.01,100,7,0.83,mist
376,pitkyaranta,RU,2021-01-17 06:42:20,61.5734,31.4792,18.84,97,100,6.73,light snow
377,cotonou,BJ,2021-01-17 06:42:20,6.3654,2.4183,78.8,100,40,2.3,scattered clouds
378,yaan,NG,2021-01-17 06:42:21,7.3833,8.5667,75.25,70,30,2.59,scattered clouds
379,ancud,CL,2021-01-17 06:42:21,-41.8697,-73.8203,50.0,93,75,5.75,broken clouds
380,san-pedro,CI,2021-01-17 06:42:21,4.7485,-6.6363,73.9,93,6,5.68,light rain
381,amuntai,ID,2021-01-17 06:42:21,-2.4177,115.2494,92.25,47,87,5.12,light rain
382,seymchan,RU,2021-01-17 06:42:21,62.8833,152.4333,-37.79,79,100,1.39,overcast clouds
383,ginir,ET,2021-01-17 06:42:21,7.1333,40.7,68.59,24,34,5.12,scattered clouds
384,qaqortoq,GL,2021-01-17 06:42:21,60.7167,-46.0333,23.0,54,90,12.62,light snow
385,afrikanda,RU,2021-01-17 06:42:21,67.4429,32.7828,24.01,97,97,8.75,overcast clouds
386,kahului,US,2021-01-17 06:34:05,20.8947,-156.47,75.2,69,40,4.61,scattered clouds
387,denia,ES,2021-01-17 06:42:21,38.8408,0.1057,48.0,45,0,1.01,clear sky
388,ortigueira,BR,2021-01-17 06:42:21,-24.2083,-50.9494,66.88,100,100,3.29,overcast clouds
389,kirakira,SB,2021-01-17 06:42:21,-10.4544,161.9205,83.88,70,32,4.65,scattered clouds
390,lucapa,AO,2021-01-17 06:42:21,-8.4192,20.7447,72.19,82,100,2.17,overcast clouds
391,imeni poliny osipenko,RU,2021-01-17 06:33:58,52.4201,136.4853,-18.58,88,100,1.68,overcast clouds
392,ust-ilimsk,RU,2021-01-17 06:42:21,58.0006,102.6619,-19.53,80,100,4.85,overcast clouds
393,mabaruma,GY,2021-01-17 06:42:21,8.2,-59.7833,71.4,98,28,1.74,moderate rain
394,tocopilla,CL,2021-01-17 06:41:53,-22.092,-70.1979,65.46,61,77,2.28,broken clouds
395,navrongo,GH,2021-01-17 06:42:22,10.8956,-1.0921,66.58,24,68,7.99,broken clouds
396,la asuncion,VE,2021-01-17 06:42:22,11.0333,-63.8628,75.45,87,94,14.16,light rain
397,engels,RU,2021-01-17 06:42:22,51.5,46.1167,0.91,90,0,6.22,clear sky
398,opuwo,NA,2021-01-17 06:34:14,-18.0607,13.84,70.61,55,80,3.74,broken clouds
399,mayumba,GA,2021-01-17 06:42:22,-3.432,10.6554,78.96,79,69,6.22,broken clouds
400,kushmurun,KZ,2021-01-17 06:41:15,52.4503,64.6311,13.8,92,0,19.71,clear sky
401,srisailam,IN,2021-01-17 06:42:22,16.0833,78.8667,82.06,41,0,9.8,clear sky
402,katherine,AU,2021-01-17 06:42:22,-14.4667,132.2667,96.8,38,97,14.97,overcast clouds
403,tura,IN,2021-01-17 06:34:06,25.5198,90.2201,76.37,36,0,2.24,clear sky
404,charagua,BO,2021-01-17 06:42:22,-19.8,-63.2167,67.8,96,100,3.87,overcast clouds
405,hay river,CA,2021-01-17 06:42:22,60.8156,-115.7999,-2.2,84,52,1.14,broken clouds
406,muros,ES,2021-01-17 06:33:50,42.7762,-9.0603,48.0,95,90,3.98,overcast clouds
407,vytegra,RU,2021-01-17 06:42:22,61.0064,36.4481,0.12,93,94,5.08,overcast clouds
408,hovd,MN,2021-01-17 06:42:22,48.0056,91.6419,6.06,74,0,3.58,clear sky
409,xiongzhou,CN,2021-01-17 06:42:22,25.1167,114.3,58.1,32,86,12.24,overcast clouds
410,grindavik,IS,2021-01-17 06:33:58,63.8424,-22.4338,35.6,75,40,16.11,scattered clouds
411,lavumisa,SZ,2021-01-17 06:34:20,-27.31,31.892,75.2,83,100,5.75,overcast clouds
412,whitecourt,CA,2021-01-17 06:42:22,54.1502,-115.6855,29.95,90,100,2.53,overcast clouds
413,panacan,PH,2021-01-17 06:42:22,9.2463,118.4082,87.8,66,75,11.5,light rain
414,pisco,PE,2021-01-17 06:33:57,-13.7,-76.2167,68.0,77,0,6.91,clear sky
415,kirkland lake,CA,2021-01-17 06:42:22,48.1446,-80.0377,17.6,93,100,11.39,light snow
416,lorengau,PG,2021-01-17 06:34:11,-2.0226,147.2712,83.66,78,93,12.28,light rain
417,buta,CD,2021-01-17 06:42:23,2.7858,24.73,78.01,78,1,1.74,clear sky
418,boulogne-sur-mer,FR,2021-01-17 06:42:23,50.75,1.8333,44.6,76,0,16.11,clear sky
419,pilar,BR,2021-01-17 06:42:23,-9.5972,-35.9567,73.4,94,75,3.44,broken clouds
420,verkhnyaya sinyachikha,RU,2021-01-17 06:42:23,57.976,61.6673,14.99,95,100,7.87,overcast clouds
421,bay roberts,CA,2021-01-17 06:42:23,47.5999,-53.2648,32.0,93,98,3.0,overcast clouds
422,banjar,ID,2021-01-17 06:42:23,-8.19,114.9675,86.0,74,20,11.5,light rain
423,belmonte,BR,2021-01-17 06:42:23,-15.8631,-38.8828,75.2,83,20,4.61,few clouds
424,port macquarie,AU,2021-01-17 06:31:20,-31.4333,152.9167,77.0,55,72,1.01,broken clouds
425,tilichiki,RU,2021-01-17 06:33:55,60.4667,166.1,-23.24,85,3,12.53,clear sky
426,bongor,TD,2021-01-17 06:42:23,10.2806,15.3722,71.91,21,1,8.08,clear sky
427,bambanglipuro,ID,2021-01-17 06:42:23,-7.95,110.2833,86.32,62,82,11.92,light rain
428,quelimane,MZ,2021-01-17 06:42:23,-17.8786,36.8883,87.8,70,20,6.91,few clouds
429,matagami,CA,2021-01-17 06:42:23,49.7502,-77.6328,23.0,100,90,10.36,light snow
430,sao carlos,BR,2021-01-17 06:40:38,-22.0175,-47.8908,65.98,99,100,5.5,overcast clouds
431,benalla,AU,2021-01-17 06:42:23,-36.55,145.9833,80.6,22,0,12.66,clear sky
432,san quintin,MX,2021-01-17 06:34:10,30.4833,-115.95,61.54,41,0,1.81,clear sky
433,codrington,AU,2021-01-17 06:33:57,-38.2667,141.9667,60.58,67,17,15.3,few clouds
434,barcelos,PT,2021-01-17 06:38:42,41.5388,-8.6151,35.6,100,3,2.3,clear sky
435,dubna,RU,2021-01-17 06:42:23,56.7333,37.1667,-12.46,89,73,4.54,broken clouds
436,puerto del rosario,ES,2021-01-17 06:42:23,28.5004,-13.8627,62.6,67,90,11.5,overcast clouds
437,sonoita,MX,2021-01-17 06:42:23,31.85,-112.8333,57.99,20,91,5.79,overcast clouds
438,nishihara,JP,2021-01-17 06:42:24,26.1842,127.7558,60.8,47,75,10.36,broken clouds
439,salinas,US,2021-01-17 06:42:24,36.6777,-121.6555,51.8,87,90,2.93,fog
440,marawi,PH,2021-01-17 06:33:52,7.9986,124.2928,81.0,86,100,4.0,overcast clouds
441,leshukonskoye,RU,2021-01-17 06:34:21,64.8989,45.7622,-10.46,86,83,4.27,broken clouds
442,yumen,CN,2021-01-17 06:42:24,40.2833,97.2,29.71,75,0,29.95,clear sky
443,aleksandrov gay,RU,2021-01-17 06:42:24,50.147,48.5704,4.21,94,74,6.76,broken clouds
444,dergachi,RU,2021-01-17 06:42:24,51.2328,48.7659,0.48,93,0,8.95,clear sky
445,ushumun,RU,2021-01-17 06:42:24,52.7833,126.5333,-15.12,87,100,4.68,overcast clouds
446,karratha,AU,2021-01-17 06:33:54,-20.7377,116.8463,101.97,26,59,12.12,broken clouds
447,maldonado,UY,2021-01-17 06:31:56,-34.6667,-54.9167,69.8,88,90,17.27,moderate rain
448,manacapuru,BR,2021-01-17 06:42:24,-3.2997,-60.6206,73.4,100,12,2.3,fog
449,merauke,ID,2021-01-17 06:42:24,-8.4667,140.3333,85.89,71,22,7.16,few clouds
450,felanitx,ES,2021-01-17 06:33:54,39.4696,3.1483,53.6,87,0,13.8,clear sky
451,ust-nera,RU,2021-01-17 06:42:24,64.5667,143.2,-36.0,72,74,4.59,broken clouds
452,bulgan,MN,2021-01-17 06:34:25,48.8125,103.5347,10.85,86,0,2.62,clear sky
453,ondjiva,AO,2021-01-17 06:42:24,-17.0667,15.7333,71.6,53,20,6.91,few clouds
454,kenora,CA,2021-01-17 06:42:24,49.8167,-94.4337,14.0,92,90,3.44,fog
455,guozhen,CN,2021-01-17 06:33:48,34.3659,107.359,49.59,34,0,5.82,clear sky
456,zhezkazgan,KZ,2021-01-17 06:42:24,47.8043,67.7144,15.8,86,90,4.47,fog
457,vila do maio,CV,2021-01-17 06:42:24,15.1333,-23.2167,69.8,78,40,16.11,scattered clouds
458,shahrud,IR,2021-01-17 06:42:25,36.4182,54.9763,47.41,50,95,5.73,overcast clouds
459,fairbanks,US,2021-01-17 06:32:03,64.8378,-147.7164,12.99,85,1,3.44,clear sky
460,saldanha,ZA,2021-01-17 06:33:55,-33.0117,17.9442,64.4,88,0,3.44,clear sky
461,parauna,BR,2021-01-17 06:42:25,-16.9478,-50.4486,67.28,96,100,2.28,light rain
462,lambarene,GA,2021-01-17 06:42:25,-0.7001,10.2406,77.72,87,93,1.61,overcast clouds
463,araouane,ML,2021-01-17 06:34:15,18.9048,-3.5265,56.3,33,100,13.71,overcast clouds
464,dhidhdhoo,MV,2021-01-17 06:42:25,6.8833,73.1,81.91,75,6,11.16,clear sky
465,namwala,ZM,2021-01-17 06:42:25,-15.7504,26.4384,72.18,89,100,5.91,light rain
466,suksun,RU,2021-01-17 06:42:25,57.1431,57.3949,11.89,94,100,15.32,overcast clouds
467,najran,SA,2021-01-17 06:33:55,17.4924,44.1277,64.4,32,0,1.7,clear sky
468,antofagasta,CL,2021-01-17 06:30:53,-23.65,-70.4,62.6,88,40,5.75,scattered clouds
469,lazurne,UA,2021-01-17 06:42:25,46.084,32.5295,10.4,85,75,15.66,broken clouds
470,tiznit,MA,2021-01-17 06:42:25,29.5833,-9.5,51.28,43,3,5.61,clear sky
471,salair,RU,2021-01-17 06:42:25,54.2312,85.7972,16.77,89,100,16.98,overcast clouds
472,ko samui,TH,2021-01-17 06:42:25,9.5357,99.9357,86.0,62,20,11.5,few clouds
473,iralaya,HN,2021-01-17 06:34:23,15.0,-83.2333,76.01,88,95,8.48,overcast clouds
474,charters towers,AU,2021-01-17 06:42:25,-20.1,146.2667,87.94,45,100,14.94,overcast clouds
475,taoudenni,ML,2021-01-17 06:42:25,22.6783,-3.9836,52.79,39,85,13.49,overcast clouds
476,shenkursk,RU,2021-01-17 06:42:26,62.1091,42.896,-11.7,88,29,2.57,scattered clouds
477,labuan,MY,2021-01-17 06:42:26,5.2767,115.2417,73.4,94,40,2.3,heavy intensity rain
478,bronnoysund,NO,2021-01-17 06:42:26,65.4625,12.1997,26.6,74,0,3.44,clear sky
479,santa marta,CO,2021-01-17 06:37:31,11.2408,-74.199,82.0,63,0,7.0,clear sky
480,puerto carreno,CO,2021-01-17 06:42:26,6.189,-67.4859,76.41,72,76,10.4,broken clouds
481,constitucion,CL,2021-01-17 06:34:21,-35.3333,-72.4167,56.66,70,0,7.02,clear sky
482,ambilobe,MG,2021-01-17 06:42:26,-13.2,49.05,89.2,65,87,0.4,overcast clouds
483,atlantic city,US,2021-01-17 06:42:26,39.3643,-74.4229,37.99,70,1,11.5,clear sky
484,shanghai,CN,2021-01-17 06:41:47,31.2222,121.4581,45.0,28,0,6.71,clear sky
485,beisfjord,NO,2021-01-17 06:42:26,68.3751,17.5988,28.4,93,40,1.14,scattered clouds
486,megion,RU,2021-01-17 06:42:26,61.0296,76.1136,12.2,85,90,13.42,light snow
487,port hardy,CA,2021-01-17 06:34:04,50.6996,-127.4199,44.6,87,90,8.05,light rain
488,sahuaripa,MX,2021-01-17 06:42:26,29.05,-109.2333,56.79,37,0,4.59,clear sky
489,yerbogachen,RU,2021-01-17 06:34:25,61.2767,108.0108,-41.6,79,51,3.04,broken clouds
490,pangnirtung,CA,2021-01-17 06:42:26,66.1451,-65.7125,-7.1,86,100,4.97,light snow
491,nara,JP,2021-01-17 06:29:20,34.6851,135.8049,50.0,49,75,21.85,broken clouds
492,gonaives,HT,2021-01-17 06:42:26,19.45,-72.6833,72.46,75,100,5.99,overcast clouds
493,cienfuegos,CU,2021-01-17 06:42:26,22.1461,-80.4356,64.4,94,100,5.75,overcast clouds
494,tucurui,BR,2021-01-17 06:42:26,-3.7661,-49.6725,73.17,93,100,1.41,overcast clouds
495,kununurra,AU,2021-01-17 06:41:46,-15.7667,128.7333,102.2,35,96,12.66,overcast clouds
496,lompoc,US,2021-01-17 06:34:11,34.6391,-120.4579,64.4,71,0,7.29,clear sky
497,hervey bay,AU,2021-01-17 06:33:50,-25.2986,152.8535,84.99,69,3,3.0,clear sky
498,kosa,RU,2021-01-17 06:42:26,59.9445,54.9977,2.75,93,100,9.22,light snow
499,sardulgarh,IN,2021-01-17 06:42:27,29.7,75.25,68.04,24,0,8.61,clear sky
500,killam,CA,2021-01-17 06:42:27,52.7834,-111.8518,19.4,79,100,9.22,overcast clouds
501,kalevala,RU,2021-01-17 06:42:27,65.2,31.1667,19.2,95,86,7.9,overcast clouds
502,dilla,ET,2021-01-17 06:42:27,6.41,38.31,75.18,36,100,4.9,overcast clouds
503,ornskoldsvik,SE,2021-01-17 06:39:40,63.2909,18.7153,1.4,100,75,4.61,broken clouds
504,sakaiminato,JP,2021-01-17 06:42:27,35.55,133.2333,41.0,70,75,14.97,broken clouds
505,savannah bight,HN,2021-01-17 06:33:56,16.45,-85.85,75.0,94,46,8.99,moderate rain
506,teguldet,RU,2021-01-17 06:42:27,57.3064,88.1667,18.36,92,100,8.01,overcast clouds
507,gariaband,IN,2021-01-17 06:42:27,20.635,82.0614,78.8,19,0,6.91,haze
508,lixourion,GR,2021-01-17 06:42:27,38.2019,20.4314,44.6,53,40,23.02,scattered clouds
509,palpa,PE,2021-01-17 06:42:27,-14.5336,-75.1856,69.78,70,99,2.73,overcast clouds
510,ha tinh,VN,2021-01-17 06:42:27,18.3333,105.9,62.89,79,100,18.63,overcast clouds
511,koster,ZA,2021-01-17 06:42:27,-25.863,26.8976,75.96,40,2,9.1,clear sky
512,marsa matruh,EG,2021-01-17 06:42:27,31.3525,27.2453,56.77,75,42,23.6,light rain
513,libreville,GA,2021-01-17 06:42:27,0.3925,9.4537,78.8,94,20,4.61,few clouds
514,takoradi,GH,2021-01-17 06:42:27,4.8845,-1.7554,77.97,85,21,2.95,light rain
515,madimba,TZ,2021-01-17 06:42:27,-10.4,40.3333,82.4,83,75,13.8,broken clouds
516,kawalu,ID,2021-01-17 06:42:27,-7.3817,108.2082,84.43,65,100,2.77,moderate rain
517,lerwick,GB,2021-01-17 06:42:27,60.1545,-1.1494,46.4,81,75,28.77,light rain
518,bredy,RU,2021-01-17 06:42:28,52.4153,60.3411,15.1,94,97,21.56,overcast clouds
519,la tuque,CA,2021-01-17 06:42:16,47.4334,-72.7824,26.6,100,100,8.68,snow
520,swan river,CA,2021-01-17 06:42:28,52.1058,-101.2676,23.0,74,74,14.97,broken clouds
521,camacupa,AO,2021-01-17 06:42:28,-12.0167,17.4833,68.11,76,16,3.42,few clouds
522,amga,RU,2021-01-17 06:42:28,60.8953,131.9608,-37.41,80,100,2.21,overcast clouds
523,utica,US,2021-01-17 06:42:28,43.1009,-75.2327,33.8,64,90,21.85,light snow
524,fare,PF,2021-01-17 06:42:28,-16.7,-151.0167,81.23,77,0,14.14,clear sky
525,bayji,IQ,2021-01-17 06:42:28,34.9311,43.487,57.87,49,0,7.2,clear sky
526,kholtoson,RU,2021-01-17 06:42:28,50.2981,103.3097,7.38,86,0,3.96,clear sky
527,biryusinsk,RU,2021-01-17 06:42:28,55.9634,97.8235,12.04,96,100,4.83,overcast clouds
528,souris,CA,2021-01-17 06:42:28,49.6172,-100.2612,26.6,86,90,12.66,light snow
529,namatanai,PG,2021-01-17 06:42:28,-3.6667,152.4333,83.79,73,94,14.97,overcast clouds
530,dubbo,AU,2021-01-17 06:34:16,-32.25,148.6167,84.2,23,100,10.36,overcast clouds
531,slave lake,CA,2021-01-17 06:42:29,55.2834,-114.769,19.4,93,20,3.44,few clouds
532,pelym,RU,2021-01-17 06:42:29,61.0108,61.9978,-5.21,91,100,5.59,overcast clouds
533,galle,LK,2021-01-17 06:39:41,6.0367,80.217,82.38,71,56,5.75,broken clouds
534,kubrat,BG,2021-01-17 06:41:56,43.8,26.5,19.38,91,100,1.95,overcast clouds
535,doha,QA,2021-01-17 06:40:24,25.2867,51.5333,69.8,73,0,3.44,haze
536,arua,UG,2021-01-17 06:42:29,3.0201,30.9111,79.88,25,45,8.28,scattered clouds
537,fonte boa,BR,2021-01-17 06:42:29,-2.4959,-66.2662,72.59,96,53,1.43,broken clouds
538,krivosheino,RU,2021-01-17 06:42:29,57.3431,83.9261,13.08,94,100,11.59,overcast clouds
539,santa barbara,US,2021-01-17 06:42:29,34.7333,-120.0343,53.6,50,1,3.44,clear sky
540,santa ana,US,2021-01-17 06:42:29,33.7456,-117.8678,73.99,44,1,5.82,clear sky
541,zhangjiakou,CN,2021-01-17 06:42:29,40.81,114.8794,23.2,62,0,14.25,clear sky
542,siocon,PH,2021-01-17 06:42:29,7.7061,122.1353,82.17,81,100,7.05,overcast clouds
543,cururupu,BR,2021-01-17 06:42:29,-1.8283,-44.8683,74.14,91,99,1.72,overcast clouds
544,farafangana,MG,2021-01-17 06:42:29,-22.8167,47.8333,86.38,67,6,9.66,clear sky
545,gediz,TR,2021-01-17 06:42:29,39.0417,29.41,28.4,86,75,6.91,broken clouds
546,santa cruz,BO,2021-01-17 06:40:00,-17.8,-63.1667,75.2,94,75,12.66,light rain
547,caraquet,CA,2021-01-17 06:42:29,47.7941,-64.9386,30.2,100,100,12.66,snow
548,bata,GQ,2021-01-17 06:42:29,1.8639,9.7658,80.78,79,100,4.54,light rain
549,talnakh,RU,2021-01-17 06:34:23,69.4865,88.3972,-24.03,67,0,7.05,clear sky
550,pinega,RU,2021-01-17 06:42:30,64.7001,43.3936,2.03,93,100,6.46,light snow
551,yulara,AU,2021-01-17 06:30:11,-25.2406,130.9889,89.6,17,0,13.8,clear sky
552,kungurtug,RU,2021-01-17 06:42:30,50.5994,97.5228,11.88,88,1,1.9,clear sky
553,zaria,NG,2021-01-17 06:42:30,11.1113,7.7227,64.04,26,0,7.31,clear sky
554,broome,US,2021-01-17 06:34:05,42.2506,-75.833,33.01,86,90,12.66,overcast clouds
555,la rioja,ES,2021-01-17 06:42:30,42.25,-2.5,37.4,70,0,8.05,clear sky
556,kuzovatovo,RU,2021-01-17 06:42:30,53.5468,47.6866,1.49,91,49,10.69,scattered clouds
557,pondicherry,IN,2021-01-17 06:42:30,11.93,79.83,80.91,58,23,10.13,few clouds
558,stolin,BY,2021-01-17 06:42:30,51.8912,26.846,0.5,90,100,4.03,overcast clouds
559,chake chake,TZ,2021-01-17 06:33:53,-5.2459,39.7666,85.55,64,3,9.31,clear sky
560,yeniseysk,RU,2021-01-17 06:42:30,58.4497,92.1703,2.05,92,100,10.65,overcast clouds
561,makakilo city,US,2021-01-17 06:34:21,21.3469,-158.0858,77.0,69,1,5.75,clear sky
562,inirida,CO,2021-01-17 06:34:13,3.8653,-67.9239,71.89,96,91,1.79,overcast clouds
563,port blair,IN,2021-01-17 06:34:03,11.6667,92.75,81.52,69,35,16.08,scattered clouds
564,buala,SB,2021-01-17 06:42:30,-8.145,159.5921,84.11,71,3,7.09,clear sky
565,xique-xique,BR,2021-01-17 06:42:30,-10.8218,-42.7263,72.46,78,100,15.32,overcast clouds
566,arman,RU,2021-01-17 06:42:30,59.7,150.1667,-12.28,86,100,13.56,overcast clouds
567,arcos,BR,2021-01-17 06:42:31,-20.2819,-45.5394,65.66,93,100,6.49,overcast clouds
568,muisne,EC,2021-01-17 06:42:31,0.6,-80.0333,74.53,90,79,4.99,moderate rain
569,zalantun,CN,2021-01-17 06:42:31,48.0,122.7167,1.27,84,100,2.59,overcast clouds
570,hualmay,PE,2021-01-17 06:31:26,-11.0964,-77.6139,69.87,84,92,6.89,overcast clouds
571,ruy barbosa,BR,2021-01-17 06:42:31,-12.2839,-40.4939,63.66,95,22,1.77,few clouds
572,mbanza-ngungu,CD,2021-01-17 06:42:31,-5.25,14.8667,68.34,97,97,4.85,overcast clouds
573,malanville,BJ,2021-01-17 06:42:31,11.8685,3.3899,65.35,25,18,3.89,few clouds
574,tripoli,LY,2021-01-17 06:42:31,32.8752,13.1875,55.69,71,12,14.36,light rain
575,cap malheureux,MU,2021-01-17 06:33:53,-19.9842,57.6142,84.99,72,94,10.0,overcast clouds
576,dera ghazi khan,PK,2021-01-17 06:42:31,30.0561,70.6348,71.69,17,0,5.14,clear sky
577,ojinaga,MX,2021-01-17 06:42:31,29.5667,-104.4167,53.6,28,1,8.05,clear sky
578,mersing,MY,2021-01-17 06:42:31,2.4312,103.8405,84.2,74,40,10.36,scattered clouds
579,tual,ID,2021-01-17 06:34:10,-5.6667,132.75,81.32,81,100,19.66,overcast clouds
580,taurianova,IT,2021-01-17 06:42:31,38.3563,16.0109,48.99,54,0,1.01,clear sky
581,kirovskiy,RU,2021-01-17 06:42:31,45.0917,133.5136,1.33,91,100,2.24,overcast clouds
582,alice springs,AU,2021-01-17 06:42:31,-23.7,133.8833,78.8,25,40,12.66,scattered clouds
583,port-gentil,GA,2021-01-17 06:34:09,-0.7193,8.7815,78.8,89,20,3.44,few clouds
584,truth or consequences,US,2021-01-17 06:42:31,33.1284,-107.2528,39.2,30,1,6.91,clear sky
585,oktyabrskoye,RU,2021-01-17 06:42:31,43.0645,44.7417,32.0,93,90,8.95,overcast clouds
586,tierralta,CO,2021-01-17 06:42:31,8.1736,-76.0592,72.88,91,98,5.35,overcast clouds
587,ankang,CN,2021-01-17 06:39:12,32.68,109.0172,43.0,28,0,8.21,clear sky
588,barre,US,2021-01-17 06:42:32,44.197,-72.5021,34.0,93,90,6.91,mist
589,dalvik,IS,2021-01-17 06:42:32,65.9702,-18.5286,33.8,100,90,3.44,overcast clouds
590,lewistown,US,2021-01-17 06:42:32,40.5992,-77.5714,34.0,80,90,9.22,overcast clouds
591,hengyang,CN,2021-01-17 06:42:32,26.8881,112.615,52.57,40,4,11.92,clear sky
592,nohar,IN,2021-01-17 06:42:32,29.1833,74.7667,67.5,24,0,10.76,clear sky
593,timra,SE,2021-01-17 06:42:32,62.487,17.3257,14.0,92,90,2.3,overcast clouds
594,atar,MR,2021-01-17 06:34:00,20.5169,-13.0499,59.09,27,100,15.88,overcast clouds
595,asyut,EG,2021-01-17 06:42:32,27.181,31.1837,59.92,41,0,3.58,clear sky
596,kalmunai,LK,2021-01-17 06:42:32,7.4167,81.8167,82.02,78,98,11.81,light rain
597,chifeng,CN,2021-01-17 06:40:01,42.2683,118.9636,15.24,87,0,10.31,clear sky
598,kargasok,RU,2021-01-17 06:34:18,59.0556,80.8572,11.95,96,100,12.46,light snow
599,conakry,GN,2021-01-17 06:42:32,9.538,-13.6773,74.35,80,73,7.11,broken clouds
600,tome,CL,2021-01-17 06:42:32,-36.6167,-72.95,55.4,82,0,9.22,clear sky
601,ngunguru,NZ,2021-01-17 06:42:32,-35.6167,174.5,71.01,90,5,5.01,clear sky
602,vestmanna,FO,2021-01-17 06:42:32,62.1564,-7.1664,41.0,87,75,28.77,light rain
603,diamantino,BR,2021-01-17 06:41:32,-14.4086,-56.4461,73.0,93,100,7.56,moderate rain
604,pontes e lacerda,BR,2021-01-17 06:42:32,-15.2261,-59.3353,70.88,94,100,3.0,overcast clouds
605,kravare,CZ,2021-01-17 06:42:32,49.932,18.0047,17.01,100,96,5.01,overcast clouds
606,cuiaba,BR,2021-01-17 06:42:33,-15.5961,-56.0967,75.2,88,0,9.22,clear sky
607,launceston,AU,2021-01-17 06:34:20,-41.45,147.1667,64.4,52,75,21.85,broken clouds
608,itarema,BR,2021-01-17 06:34:12,-2.9248,-39.9167,78.8,81,100,9.26,overcast clouds
609,ixtapa,MX,2021-01-17 06:29:57,20.7,-105.2,68.49,44,98,2.13,overcast clouds
610,chilca,PE,2021-01-17 06:42:33,-12.5211,-76.7372,68.0,88,0,9.22,clear sky
611,cap-aux-meules,CA,2021-01-17 06:42:33,47.3821,-61.8597,33.8,93,100,25.32,light snow
612,las cruces,US,2021-01-17 06:42:33,32.3123,-106.7783,44.01,30,0,8.43,clear sky
613,makat,KZ,2021-01-17 06:34:08,47.6469,53.3463,27.25,94,10,5.21,clear sky
614,tautira,PF,2021-01-17 06:42:33,-17.7333,-149.15,82.4,69,20,3.44,few clouds
615,ilhabela,BR,2021-01-17 06:42:33,-23.7781,-45.3581,77.32,73,100,5.21,overcast clouds
616,katobu,ID,2021-01-17 06:42:33,-4.9408,122.5276,76.84,92,100,4.56,heavy intensity rain
617,londoko,RU,2021-01-17 06:42:33,49.0333,131.9833,-3.46,88,100,2.68,overcast clouds
618,biltine,TD,2021-01-17 06:42:33,14.5333,20.9167,72.72,19,71,8.05,broken clouds
619,sorong,ID,2021-01-17 06:42:33,-0.8833,131.25,84.87,70,100,9.15,moderate rain
620,nampula,MZ,2021-01-17 06:42:33,-15.1165,39.2666,82.4,74,20,12.66,few clouds
621,nouadhibou,MR,2021-01-17 06:34:08,20.931,-17.0347,60.8,29,100,19.57,sand
622,vavuniya,LK,2021-01-17 06:42:33,8.7514,80.4971,86.61,56,7,6.04,clear sky
623,lubango,AO,2021-01-17 06:42:33,-14.9172,13.4925,66.2,30,21,5.75,few clouds
624,sola,VU,2021-01-17 06:33:58,-13.8833,167.55,89.6,74,20,10.76,few clouds
625,taseyevo,RU,2021-01-17 06:42:34,57.2169,94.8978,7.66,94,98,7.07,overcast clouds
626,savelugu,GH,2021-01-17 06:40:03,9.6244,-0.8253,68.68,21,21,3.78,few clouds
627,sehithwa,BW,2021-01-17 06:42:34,-20.4667,22.7167,76.39,77,100,6.4,overcast clouds
628,banda aceh,ID,2021-01-17 06:32:51,5.5577,95.3222,85.35,69,91,7.4,overcast clouds
629,moba,CN,2021-01-17 06:42:34,33.2288,105.0179,34.77,67,0,5.53,clear sky
630,montevideo,UY,2021-01-17 06:42:34,-34.8335,-56.1674,66.2,88,90,11.5,overcast clouds
631,niquero,CU,2021-01-17 06:42:34,20.0431,-77.5828,73.26,91,100,11.9,overcast clouds
632,grand gaube,MU,2021-01-17 06:42:34,-20.0064,57.6608,84.0,73,94,10.0,overcast clouds
633,spirit river,CA,2021-01-17 06:42:34,55.7833,-118.8361,28.4,86,97,5.75,overcast clouds
634,leh,IN,2021-01-17 06:32:47,34.1667,77.5833,21.99,56,62,1.74,broken clouds
635,coahuayana,MX,2021-01-17 06:42:34,18.7333,-103.6833,70.5,84,100,2.15,overcast clouds
636,mayo,US,2021-01-17 06:42:34,38.8876,-76.5119,37.99,52,1,8.05,clear sky
637,kulhudhuffushi,MV,2021-01-17 06:42:34,6.6221,73.07,81.88,75,0,10.89,clear sky
638,begamganj,IN,2021-01-17 06:42:34,23.6,78.3333,80.35,30,0,5.35,clear sky
639,amparafaravola,MG,2021-01-17 06:42:34,-17.5833,48.2167,83.05,55,18,2.55,few clouds
640,praia da vitoria,PT,2021-01-17 06:33:51,38.7333,-27.0667,62.6,94,75,25.5,light intensity drizzle
641,serra talhada,BR,2021-01-17 06:42:34,-7.9919,-38.2983,69.64,81,0,6.51,clear sky
642,shelburne,CA,2021-01-17 06:32:24,44.0787,-80.2041,33.01,100,100,15.64,light snow
643,rosetta,EG,2021-01-17 06:42:35,31.4044,30.4164,61.52,62,0,24.85,clear sky
644,avera,US,2021-01-17 06:42:35,33.194,-82.5271,30.2,93,1,3.44,clear sky
645,oregon,US,2021-01-17 06:42:35,44.0001,-120.5014,39.0,93,20,2.26,few clouds
646,riyadh,SA,2021-01-17 06:34:16,24.6877,46.7219,69.8,19,0,11.5,clear sky
647,ofaqim,IL,2021-01-17 06:42:35,31.3141,34.6203,57.0,55,0,4.0,clear sky
648,general roca,AR,2021-01-17 06:34:24,-39.0333,-67.5833,55.4,71,0,5.93,light rain
649,savonlinna,FI,2021-01-17 06:42:35,61.8699,28.88,15.8,92,90,3.44,overcast clouds
650,gumdag,TM,2021-01-17 06:42:35,39.2061,54.5906,46.49,68,100,20.11,overcast clouds
651,fortuna,US,2021-01-17 06:33:52,40.5982,-124.1573,46.99,100,75,9.22,broken clouds
652,portland,US,2021-01-17 06:30:42,45.5234,-122.6762,44.6,81,75,6.91,broken clouds
653,sudak,UA,2021-01-17 06:42:35,44.85,34.9667,32.97,94,100,19.98,snow
654,trincomalee,LK,2021-01-17 06:42:35,8.5711,81.2335,79.97,82,12,14.97,light rain
655,makasar,ID,2021-01-17 06:38:02,-5.14,119.4221,78.8,89,40,2.3,moderate rain
656,bystryy istok,RU,2021-01-17 06:42:35,52.371,84.3873,20.19,88,100,9.78,overcast clouds
657,altamira,BR,2021-01-17 06:34:15,-3.2033,-52.2064,71.91,88,31,1.92,scattered clouds
658,vila franca do campo,PT,2021-01-17 06:33:52,37.7167,-25.4333,61.0,94,75,11.5,light rain
659,malakal,SS,2021-01-17 06:42:35,9.5334,31.6605,83.84,14,100,11.56,overcast clouds
660,lipin bor,RU,2021-01-17 06:42:35,60.2622,37.9763,-3.8,92,88,4.0,overcast clouds
661,nyurba,RU,2021-01-17 06:34:17,63.2842,118.3319,-39.08,80,100,6.76,overcast clouds
662,lashio,MM,2021-01-17 06:42:36,22.9333,97.75,76.95,36,0,5.32,clear sky
663,dakoro,NE,2021-01-17 06:42:36,14.5106,6.765,65.79,25,0,7.9,clear sky
664,nerja,ES,2021-01-17 06:40:16,36.7585,-3.8873,45.0,67,0,4.0,clear sky
665,hambantota,LK,2021-01-17 06:34:04,6.1241,81.1185,86.0,74,40,10.36,scattered clouds
666,vanimo,PG,2021-01-17 06:42:36,-2.6741,141.3028,84.67,71,100,7.52,overcast clouds
667,nikolayevka,RU,2021-01-17 06:42:36,53.1257,47.2041,3.22,91,44,10.71,scattered clouds
668,chiredzi,ZW,2021-01-17 06:34:19,-21.05,31.6667,76.82,85,100,3.24,light rain
669,sambava,MG,2021-01-17 06:42:36,-14.2667,50.1667,85.6,62,100,9.01,overcast clouds
670,tungor,RU,2021-01-17 06:42:36,53.3808,142.9564,-16.46,88,16,12.66,few clouds
671,homer,US,2021-01-17 06:42:36,59.6425,-151.5483,41.0,81,1,4.61,light rain
